<?xml version="1.0" encoding="UTF-8"?>

<!DOCTYPE beans PUBLIC "-//SPRING//DTD BEAN 2.0//EN"
			"https://www.springframework.org/dtd/spring-beans-2.0.dtd">

<beans>
	<bean id="e" class="com.Employee" autowire="constructor">
		<property name="eid" value="123"></property>
		<property name="ename" value="Abc"></property>
		<!-- <property name="company" ref="c"></property> -->
	</bean>

	<bean id="company" class="com.Company">
		<property name="cid" value="11"></property>
		<property name="cname" value="Tata"></property>
	</bean>
	
	<bean id="company2" class="com.Company" >
		<property name="cid" value="12"></property>
		<property name="cname" value="HP"></property>
	</bean>

</beans>
			