<?xml version="1.0" encoding="UTF-8"?>

<!DOCTYPE beans PUBLIC "-//SPRING//DTD BEAN 2.0//EN"
			"https://www.springframework.org/dtd/spring-beans-2.0.dtd">

<beans>

	<bean id="s" class="com.Student" scope="singleton">
		<property name="sid" value="11"></property>
		<property name="sname" value="Abc"></property>
		<property name="address" ref="a"></property>
		<lookup-method name="getAddress"/>
	</bean>

	<bean id="a" class="com.Address" scope="prototype">
		<property name="pinCode" value="456"></property>
		<property name="city" value="Pune"></property>
	</bean>
	
	

</beans>