<?xml version="1.0" encoding="UTF-8"?>

<!DOCTYPE beans PUBLIC "-//SPRING//DTD BEAN 2.0//EN"
			"https://www.springframework.org/dtd/spring-beans-2.0.dtd">

<beans>

	<bean id="s" class="com.Student">
	   <!--  <property name="sname" value="Abc"></property> -->
		<!-- <property name="sid" value="123"></property> -->
	</bean>

	<bean id="c" class="com.College">
	    <constructor-arg value="asd" index="1"></constructor-arg>
		<constructor-arg value="11"></constructor-arg>
		
	</bean>

</beans>